{
    "swagger": "2.0",
    "info": {
        "description": "This is a sample rk-demo server.",
        "title": "Swagger Example API",
        "termsOfService": "http://swagger.io/terms/",
        "contact": {
            "name": "API Support",
            "url": "http://www.swagger.io/support",
            "email": "support@swagger.io"
        },
        "license": {
            "name": "Apache 2.0",
            "url": "http://www.apache.org/licenses/LICENSE-2.0.html"
        },
        "version": "1.0"
    },
    "paths": {
        "/v1/greeter": {
            "get": {
                "produces": [
                    "application/json"
                ],
                "summary": "Greeter service",
                "operationId": "1",
                "parameters": [
                    {
                        "type": "string",
                        "description": "Input name",
                        "name": "name",
                        "in": "query",
                        "required": true
                    }
                ],
                "responses": {
                    "200": {
                        "description": "OK",
                        "schema": {
                            "$ref": "#/definitions/main.GreeterResponse"
                        }
                    }
                }
            }
        }
    },
    "definitions": {
        "main.GreeterResponse": {
            "type": "object",
            "properties": {
                "message": {
                    "type": "string"
                }
            }
        }
    },
    "securityDefinitions": {
        "BasicAuth": {
            "type": "basic"
        }
    }
}